Mixture,B Cells,Cancer Cells,Endothelial Cells,Fibroblasts,Macrophages,NK,T Cells,P-value,Correlation,RMSE
Sample_1976.0,0.0396570819785091,0.468962427028946,0.00164628599425205,0.0187966583831598,0.431038283744511,0.039899262870623,0,0,0.563304269316743,0.838495704110457
Sample_3250.0,0.11593041731464,0.370648561782342,0.0158212964313937,0,0.022793060520282,0.474806663951343,0,0,0.514980043793138,0.873208466122726
Sample_3250.1,0.0640077957800156,0.642437534267167,0.0752837909343125,0.183493034412463,0,0.0347778446060419,0,0,0.612286478967932,0.816603798295774
Sample_3266.0,0.323226093420021,0.343547183584188,0.0156837027840214,0,0.197922096119892,0.119620924091878,0,0,0.327721197248672,0.951948385866521
Sample_3281.0,0.0714241496626888,0,0.00167043409659026,0,0.902900007991104,0.0240054082496167,0,0,0.561866855733566,0.84328318445416
Sample_3288.0,0.033202611196501,0.0118204496223833,0.00428362526904329,0,0.920948789236015,0.0297445246760573,0,0,0.58430843287963,0.825218610429329
Sample_3288.1,0.000591676365174311,0.147371891962951,0.0380771659692929,0.182343185983108,0.63075918685911,0.000856892860363412,0,0,0.53411124841842,0.845901352326803
Sample_3290.0,0.0320096255571134,0.0911174369419702,0.0377660187549491,0.0668061349508219,0.765722966946946,0.00657781684819973,0,0,0.581159569885067,0.815061078723473
