,corr,rmse,ccc
"Scaden_Scaden-simu
(OV-ascites)",0.4735365817263504,0.19303848721181194,0.15782232309671632
"DeSide_Scaden-simu
(OV-ascites)",0.608881476817904,0.20270947020187244,0.2319885412406113
"DeSide_DeSide-simu
(OV-ascites)",0.6479714043517377,0.20603548879466652,0.2510785646553124
DeSide_D1D2,0.6787990454531093,0.11446338268717413,0.5367942398701364
