,corr,rmse,ccc
DeSide_D1D2,0.6787990454531094,0.11446338268717414,0.5367942398701364
EPIC_OV-ascites,0.48137420681285825,0.25599341379541973,0.24534828619165228
Kassandra,0.6807056200860985,0.13605770341307338,0.48755409914220244
MuSiC_OV-ascites,0.11540819762186737,0.7152485642004378,0.004771780544521118
Scaden_OV-ascites,0.47353658172635044,0.19303848721181194,0.1578223230967162
CIBERSORTx_OV-ascites,0.5410347919530485,0.2744981354859669,0.15410552117730444
