,corr,rmse,ccc
"CIBERSORTx_GBM
Cancer Cells",0.9021235636121313,0.12489565595842078,0.8484235043822784
"CIBERSORTx_GBM
Macrophages",0.8178145270657444,0.10956823087362443,0.8081802523991944
"CIBERSORTx_GBM
T Cells",0.9721726351106532,0.015465121570873699,0.9599889166811849
DeSide_D1D2,0.9863816702351781,0.009127270313695856,0.9835137802057712
EPIC_GBM,0.9985275584296827,0.012588418177643175,0.9763858563714727
Kassandra,0.9990283479352803,0.014643446188689242,0.947569731080685
Scaden_GBM,0.9698392720838017,0.022050140292726766,0.892076859593443
