Mixture,CD4 T,CD8 T,Cancer Cells,DC,Fibroblasts,Monocytes,NK,P-value,Correlation,RMSE
Sample_1976.0,0,0.0184141456184195,0.305530297737786,0.0237625291044104,0.111019751999491,0.510431009884995,0.0308422656548982,0,0.671096186122766,0.746155577896912
Sample_3250.0,0.0707383851130912,0.124625033533819,0.113984695066183,0.0359125455523794,0.0065149011407959,0.0798061391335609,0.568418300460171,0,0.687957794049563,0.726589973671398
Sample_3250.1,0,0.00828081000556067,0.413839551019452,0.0144068624834301,0.518103482509545,0.0340935373952671,0.0112757565867448,0,0.513329372384274,0.930872509271859
Sample_3266.0,0.0916377992828296,0.0470546071727527,0.36215741059743,0.0984956807483339,0.00528570650067184,0.241970769395243,0.153398026302739,0,0.298398046191267,0.982018593944996
Sample_3281.0,0,0.0363866746787635,0.00348512548936375,0.0195817896885216,0.0285684284785418,0.90274850205935,0.00922947960545977,0,0.739145787523266,0.780109906360429
Sample_3288.0,0,0.0284316383814937,0.010225072294592,0.0194080017552641,0.0262830654369003,0.904584604961335,0.0110676171704152,0,0.672339750806678,0.872447215211172
Sample_3288.1,0,0.0153670264282588,0.0279799134001659,0.00232777748670698,0.351933804006751,0.602391478678118,0,0,0.543424989335206,0.929788383087372
Sample_3290.0,0,0.0210689058501143,0.0160483066277421,0.0252874946627784,0.190774351782787,0.742065677309968,0.00475526376661023,0,0.729371978299818,0.734257135212987
